<?xml version="1.0" encoding="UTF-8"?>
<beans xmlns="http://www.springframework.org/schema/beans"
    xmlns:xsi="http://www.w3.org/2001/XMLSchema-instance"
    xmlns:context="http://www.springframework.org/schema/context"
    xmlns:aop="http://www.springframework.org/schema/aop"
    xmlns:util="http://www.springframework.org/schema/util"
    xmlns:task="http://www.springframework.org/schema/task"    
    xsi:schemaLocation="http://www.springframework.org/schema/beans http://www.springframework.org/schema/beans/spring-beans-3.0.xsd
		http://www.springframework.org/schema/context http://www.springframework.org/schema/context/spring-context-3.1.xsd
		http://www.springframework.org/schema/task http://www.springframework.org/schema/task/spring-task-3.1.xsd
        http://www.springframework.org/schema/aop http://www.springframework.org/schema/aop/spring-aop-3.1.xsd
        http://www.springframework.org/schema/util http://www.springframework.org/schema/util/spring-util-3.1.xsd"
        >
	
	<!-- Root Context: defines shared resources visible to all other web components -->

    <!-- Application properties -->
    <context:property-placeholder location="classpath:springblog.properties"/>

    <!-- Enable AspectJ Load Time Weaving -->
    <aop:aspectj-autoproxy/>
    <context:load-time-weaver/>    
    
    <!-- Import security context -->
    <import resource="security-context.xml"/>    

    <!-- Enable Task Scheduling support with annotation -->
    <task:scheduler id="myScheduler" pool-size="10"/>
    <task:annotation-driven scheduler="myScheduler"/>

    <!-- Enable JSR-303 Bean Validation API -->
    <bean id="validator" class="org.springframework.validation.beanvalidation.LocalValidatorFactoryBean"/>
		
    <!-- List of words to be replaced by Obscenities Filter -->
    <util:list id="obscenities">
        <value>crap</value>
    </util:list>        
        
</beans>
