<?xml version="1.0" encoding="UTF-8"?>
<beans xmlns="http://www.springframework.org/schema/beans"
	xmlns:xsi="http://www.w3.org/2001/XMLSchema-instance"
    xmlns:context="http://www.springframework.org/schema/context"
    xmlns:batch="http://www.springframework.org/schema/batch"    
	xsi:schemaLocation="http://www.springframework.org/schema/beans http://www.springframework.org/schema/beans/spring-beans-3.1.xsd
                        http://www.springframework.org/schema/context http://www.springframework.org/schema/context/spring-context-3.1.xsd
                        http://www.springframework.org/schema/batch http://www.springframework.org/schema/batch/spring-batch-2.1.xsd">
		
    <import resource="classpath:datasource-tx-jpa.xml" />
    <import resource="classpath:batch-context.xml" />
    
    <import resource="security-context.xml"/> 
    
    <context:component-scan base-package="com.apress.prospring3.ch23.service.jpa,com.apress.prospring3.ch23.batch"/>    
   
    <bean id="validator" class="org.springframework.validation.beanvalidation.LocalValidatorFactoryBean"/>
    
    <!-- XML Marshaller -->
    <bean id="batchMarshaller" class="org.springframework.oxm.castor.CastorMarshaller">
        <property name="mappingLocation" value="classpath:oxm-mapping.xml"/>
    </bean>
    
    <!-- Batch job: Contact import -->
    <batch:job id="importContactsJob">
        <batch:step id="readWriteStep">
            <batch:tasklet transaction-manager="transactionManager">
                <batch:chunk
                    reader="contactItemReader"
                    processor="contactItemProcessor"
                    writer="contactItemWriter"
                    commit-interval="100"/>            
            </batch:tasklet>
        </batch:step>
        <batch:listeners>
            <batch:listener ref="importContactJobListener"/>
        </batch:listeners>
    </batch:job>
    
    <bean id="contactItemReader" class="org.springframework.batch.item.xml.StaxEventItemReader" scope="step">
        <property name="resource" value="file:///#{jobParameters['inputFile']}"/>
        <property name="fragmentRootElementName" value="contact"/>
        <property name="unmarshaller" ref="batchMarshaller"/>    
    </bean>    

    <bean id="contactItemWriter" class="org.springframework.batch.item.adapter.ItemWriterAdapter">
        <property name="targetObject" ref="contactService" />
        <property name="targetMethod" value="save" />    
    </bean>         
    
    <bean id="batchValidator" class="com.apress.prospring3.ch23.batch.validator.BeanValidationValidator" />
    
    <bean id="contactItemProcessor" class="org.springframework.batch.item.validator.ValidatingItemProcessor">
        <property name="validator" ref="batchValidator" />
    </bean>  
    
    <bean id="importContactJobListener" class="com.apress.prospring3.ch23.batch.listener.ImportContactJobListener"/>   
        
</beans>
