<?xml version="1.0" encoding="UTF-8"?>
<beans:beans xmlns="http://www.springframework.org/schema/security"
    xmlns:beans="http://www.springframework.org/schema/beans" xmlns:xsi="http://www.w3.org/2001/XMLSchema-instance"
    xsi:schemaLocation="http://www.springframework.org/schema/beans http://www.springframework.org/schema/beans/spring-beans-3.1.xsd
                        http://www.springframework.org/schema/security http://www.springframework.org/schema/security/spring-security-3.1.xsd">
    
    <http use-expressions="true">
        <intercept-url pattern='/*' access='permitAll' />
        <form-login login-page="/contacts" authentication-failure-url="/security/loginfail" default-target-url="/contacts" />
        <logout logout-success-url="/contacts"/>
        <session-management>
            <concurrency-control max-sessions="1" session-registry-alias="sessionRegistry"/>
        </session-management>         
    </http>
    
    <authentication-manager>
        <authentication-provider>
            <user-service>
                <user name="user" password="user" authorities="ROLE_USER" />
            </user-service>
        </authentication-provider>
    </authentication-manager> 
    
</beans:beans>