<?xml version="1.0" encoding="UTF-8"?>
<beans xmlns="http://www.springframework.org/schema/beans"
    xmlns:xsi="http://www.w3.org/2001/XMLSchema-instance"
    xmlns:context="http://www.springframework.org/schema/context"
    xmlns:p="http://www.springframework.org/schema/p"    
    xsi:schemaLocation="http://www.springframework.org/schema/beans http://www.springframework.org/schema/beans/spring-beans-3.1.xsd
		http://www.springframework.org/schema/context http://www.springframework.org/schema/context/spring-context-3.1.xsd">

    <context:annotation-config/>

    <context:property-placeholder location="classpath:application.properties"/>
    
    <bean id="dateTimeEditor" class="com.apress.prospring3.ch14.pe.editor.DateTimeEditor">
            <constructor-arg value="${date.format.pattern}"/>
    </bean>  
 
    <bean class="org.springframework.beans.factory.config.CustomEditorConfigurer">
        <property name="customEditors">
            <map>
                <entry key="org.joda.time.DateTime">
                    <ref local="dateTimeEditor" />
                </entry>                
            </map>
        </property>
    </bean>
    
    <bean id="clarence" class="com.apress.prospring3.ch14.domain.Contact"
        p:firstName="Clarence"
        p:lastName="Ho"
        p:birthDate="1970-12-31"
        p:personalSite="http://www.clarence.com"
    />
    
    <bean id="myContact" class="com.apress.prospring3.ch14.domain.Contact"
        p:firstName="${myContact.firstName}"
        p:lastName="${myContact.lastName}"
        p:birthDate="${myContact.birthDate}"
        p:personalSite="${myContact.personalSite}"
    />

</beans>
