<?xml version="1.0" encoding="UTF-8"?>
<beans:beans xmlns="http://www.springframework.org/schema/mvc"
	xmlns:xsi="http://www.w3.org/2001/XMLSchema-instance"
	xmlns:beans="http://www.springframework.org/schema/beans"
    xmlns:p="http://www.springframework.org/schema/p"
	xmlns:context="http://www.springframework.org/schema/context"
    xmlns:faces="http://www.springframework.org/schema/faces"
	xsi:schemaLocation="http://www.springframework.org/schema/mvc http://www.springframework.org/schema/mvc/spring-mvc-3.1.xsd
		http://www.springframework.org/schema/beans http://www.springframework.org/schema/beans/spring-beans-3.1.xsd
		http://www.springframework.org/schema/context http://www.springframework.org/schema/context/spring-context-3.1.xsd
        http://www.springframework.org/schema/faces http://www.springframework.org/schema/faces/spring-faces.xsd">

	<!-- DispatcherServlet Context: defines this servlet's request-processing infrastructure -->

    <beans:import resource="webflow.xml" />
	
	<!-- Enables the Spring MVC @Controller programming model -->
	<annotation-driven />

	<!-- Handles HTTP GET requests for /resources/** by efficiently serving up static resources in the ${webappRoot}/resources directory -->
	<resources location="/" mapping="/resources/**"/>

    <!-- 
        Enable processing of JSF 2 resource requests. For example:
        /ch18/app/javax.faces.resource/jsf.js?ln=javax.faces
    -->
    <faces:resources/>
	
	<context:component-scan base-package="com.apress.prospring3.ch18.web" />

    <!--
        Maps request paths to flows in the flowRegistry
    -->
    <beans:bean class="org.springframework.webflow.mvc.servlet.FlowHandlerMapping">
        <beans:property name="flowRegistry" ref="flowRegistry" />
    </beans:bean>

    <!--
        Resolves views selected for rendering by @Controllers to .xhtml
        resources in the /WEB-INF/ directory
    -->
    <beans:bean class="org.springframework.web.servlet.view.UrlBasedViewResolver">
        <beans:property name="viewClass" value="org.springframework.faces.mvc.JsfView" />
        <beans:property name="prefix" value="/WEB-INF/views/" />
        <beans:property name="suffix" value=".xhtml" />
    </beans:bean>

    <!--
        Dispatches requests mapped to flows to FlowHandler implementations
    -->
    <beans:bean class="org.springframework.faces.webflow.JsfFlowHandlerAdapter">
        <beans:property name="flowExecutor" ref="flowExecutor" />
    </beans:bean> 
    
    <!-- Message Source -->
    <beans:bean class="org.springframework.context.support.ReloadableResourceBundleMessageSource" id="messageSource" p:basenames="WEB-INF/i18n/messages,WEB-INF/i18n/application" p:fallbackToSystemLocale="false"/>        
        
</beans:beans>
