<?xml version="1.0" encoding="UTF-8" ?>
<entity-mappings xmlns="http://java.sun.com/xml/ns/persistence/orm"
    xmlns:xsi="http://www.w3.org/2001/XMLSchema-instance"
    xsi:schemaLocation="http://java.sun.com/xml/ns/persistence/orm http://java.sun.com/xml/ns/persistence/orm_2_0.xsd"
    version="2.0">
    <description>JPA</description>
    
    <persistence-unit-metadata>
        <persistence-unit-defaults>
            <entity-listeners>
                <entity-listener
                    class="org.springframework.data.jpa.domain.support.AuditingEntityListener" />
            </entity-listeners>
        </persistence-unit-defaults>
    </persistence-unit-metadata>    
    
</entity-mappings>    
