<?xml version="1.0" encoding="UTF-8"?>
<beans xmlns="http://www.springframework.org/schema/beans"
	xmlns:xsi="http://www.w3.org/2001/XMLSchema-instance"
	xsi:schemaLocation="http://www.springframework.org/schema/beans http://www.springframework.org/schema/beans/spring-beans-3.1.xsd">

    <bean id="restTemplate" class="org.springframework.web.client.RestTemplate">
        <constructor-arg ref="httpRequestFactory"/>
        <property name="messageConverters">
            <list>
                <bean class="org.springframework.http.converter.xml.MarshallingHttpMessageConverter">
                    <property name="marshaller" ref="castorMarshaller"/>
                    <property name="unmarshaller" ref="castorMarshaller"/>
                    <property name="supportedMediaTypes">
                        <list>
                            <bean class="org.springframework.http.MediaType">
                                <constructor-arg index="0" value="application"/>
                                <constructor-arg index="1" value="xml"/>
                            </bean>
                        </list>
                    </property>
                </bean>                
            </list>
        </property>    
    </bean>

    <bean id="castorMarshaller" class="org.springframework.oxm.castor.CastorMarshaller">
        <property name="mappingLocation" value="classpath:oxm-mapping.xml"/>
    </bean>
    
    <bean id="httpRequestFactory" class="org.springframework.http.client.HttpComponentsClientHttpRequestFactory">
        <constructor-arg>
            <bean class="org.apache.http.impl.client.DefaultHttpClient">
                <property name="credentialsProvider">
                    <bean class="com.apress.prospring3.ch16.restful.support.CustomCredentialsProvider">
                        <property name="credentials">
                            <bean class="org.apache.http.auth.UsernamePasswordCredentials">
                                <constructor-arg name="userName" value="remote"/>
                                <constructor-arg name="password" value="remote"/>
                            </bean>                          
                        </property>
                    </bean>
                </property>
            </bean>
        </constructor-arg>
    </bean>    

</beans>
