<?xml version="1.0" encoding="UTF-8"?>
<beans xmlns="http://www.springframework.org/schema/beans"
    xmlns:xsi="http://www.w3.org/2001/XMLSchema-instance"
    xsi:schemaLocation="http://www.springframework.org/schema/beans http://www.springframework.org/schema/beans/spring-beans-3.1.xsd">

    <bean id="aspect" class="com.apress.prospring3.ch7.aspectj.MessageWrapper"
        factory-method="aspectOf">
        <property name="prefix">
            <value>Ha Ha!</value>
        </property>
        <property name="suffix">
            <value>Ho Ho!</value>
        </property>
    </bean>
</beans>