<?xml version="1.0" encoding="UTF-8"?>
<beans xmlns="http://www.springframework.org/schema/beans"
	xmlns:xsi="http://www.w3.org/2001/XMLSchema-instance"
	xsi:schemaLocation="http://www.springframework.org/schema/beans http://www.springframework.org/schema/beans/spring-beans-3.1.xsd">

    <bean id="helper" class="com.apress.prospring3.ch4.mi.MyHelper" scope="prototype"/>
    
    <bean id="abstractLookupBean" class="com.apress.prospring3.ch4.mi.AbstractLookupDemoBean">
        <lookup-method name="getMyHelper" bean="helper"/>
    </bean>
    
    <bean id="standardLookupBean" class="com.apress.prospring3.ch4.mi.StandardLookupDemoBean">
        <property name="myHelper">
            <ref local="helper"/>
        </property>
    </bean>
    
</beans>
