<?xml version="1.0" encoding="UTF-8"?>
<beans xmlns="http://www.springframework.org/schema/beans"
	xmlns:xsi="http://www.w3.org/2001/XMLSchema-instance"
	xsi:schemaLocation="http://www.springframework.org/schema/beans http://www.springframework.org/schema/beans/spring-beans-3.1.xsd">

    <bean id="methodReplacer" class="com.apress.prospring3.ch4.mi.FormatMessageReplacer"/>
    
    <bean id="replacementTarget" class="com.apress.prospring3.ch4.mi.ReplacementTarget">
        <replaced-method name="formatMessage" replacer="methodReplacer">
            <arg-type>String</arg-type>
        </replaced-method>
    </bean>
    
    <bean id="standardTarget" class="com.apress.prospring3.ch4.mi.ReplacementTarget"/>
    
</beans>
