<?xml version="1.0" encoding="UTF-8"?>
<!DOCTYPE mapper PUBLIC "-//mybatis.org//DTD Mapper 3.0//EN" 
"http://mybatis.org/dtd/mybatis-3-mapper.dtd">

<mapper namespace="com.apress.prospring3.springblog.persistence.UserMapper">

    <resultMap type="AppUser" id="userResultMap">
        <id property="userId" column="user_id" />
        <result property="password" column="password"/>
        <result property="userName" column="user_name"/>
        <result property="createdBy" column="created_by"/>
        <result property="createdDate" column="created_date"/>
        <result property="lastModifiedBy" column="last_modified_by"/>
        <result property="lastModifiedDate" column="last_modified_date"/>        
    </resultMap>

    <select id="findByUserName" parameterType="string" resultMap="userResultMap">
        SELECT 
            USER_ID, 
            PASSWORD, 
            USER_NAME, 
            CREATED_BY, 
            CREATED_DATE, 
            LAST_MODIFIED_BY, 
            LAST_MODIFIED_DATE
        FROM APP_USER U WHERE U.USER_ID = #{userName}       
    </select>

</mapper>