<?xml version="1.0" encoding="UTF-8"?>
<beans xmlns="http://www.springframework.org/schema/beans"
    xmlns:xsi="http://www.w3.org/2001/XMLSchema-instance" xmlns:context="http://www.springframework.org/schema/context"
    xmlns:mvc="http://www.springframework.org/schema/mvc"
    xsi:schemaLocation="http://www.springframework.org/schema/beans http://www.springframework.org/schema/beans/spring-beans-3.1.xsd
		http://www.springframework.org/schema/context http://www.springframework.org/schema/context/spring-context-3.1.xsd
		http://www.springframework.org/schema/mvc http://www.springframework.org/schema/mvc/spring-mvc-3.1.xsd">

    <mvc:annotation-driven>
        <mvc:message-converters>
            <bean class="org.springframework.http.converter.json.MappingJacksonHttpMessageConverter"/>
            <bean class="org.springframework.http.converter.xml.MarshallingHttpMessageConverter">
                <property name="marshaller" ref="castorMarshaller"/>
                <property name="unmarshaller" ref="castorMarshaller"/>
            </bean>
        </mvc:message-converters>
    </mvc:annotation-driven>

    <context:component-scan base-package="com.apress.prospring3.ch16.web.restful.controller" />
    
    <bean id="castorMarshaller" class="org.springframework.oxm.castor.CastorMarshaller">
        <property name="mappingLocation" value="classpath:oxm-mapping.xml"/>
    </bean>     

</beans>
